序號,管理單位,行政區,行政區代碼,認養標的名稱,屬性,認養位置,認養單位名稱
1,青年所,大安區,63000030,?公圳公園西側,公園,大安區建國南路以東、忠孝東路3段193巷以西之?公圳公園西側,忠泰長虹建設股份有限公司及統創建設股份有限公司
2,青年所,大安區,63000030,大安森林公園(部分區域),公園,新生南路以東信義路3段以南,財團法人大安森林公園之友基金會
3,園工隊,大安區,63000030,仁愛路四段行道樹,行道樹,仁愛路四段169號(11株),富邦公寓大廈管理維護股份有限公司
4,園工隊,大安區,63000030,金山南路行道樹,行道樹,金山南路與愛國東路口(19株),中華電信行動通信分公司
5,園工隊,大安區,63000030,復興南路1段191號前與116巷兩側,行道樹,復興南路1段191號前與116巷兩側,福泰國際旅館管理顧問股份有限公司
6,園工隊,大安區,63000030,和平東路一段行道樹,行道樹,和平東路一段39.43.53號前,台灣電力公司核能火力發電工程處
7,園工隊,大安區,63000030,仁愛路圓環四周行道樹,行道樹,仁愛路三段,台新國際商業銀行股份有限公司
8,園工隊,大安區,63000030,愛國東路31號前行道樹,行道樹,愛國東路31號（中華電信國際分公司）,中華電信國際電信分公司
9,園工隊,大安區,63000030,辛亥路1段113-115號行道樹,行道樹,辛亥路1段113-115號前(7株),臺北市私立新民國民小學
10,園工隊,大安區,63000030,和平東路二段行道樹,行道樹,和平東路二段24號至28號,財團法人台北市中國基督教靈糧世界佈道台北靈糧堂
11,園工隊,大安區,63000030,和平東路1段行道樹(師大路至泰順街),行道樹,和平東路1段行道樹(師大路至泰順街),大安區龍泉里辦公處
12,園工隊,大安區,63000030,和平東路1段行道樹,行道樹,和平東路1段8-1號,國泰棉紙有限公司
13,園工隊,大安區,63000030,敦化南路1段269、271號前行道樹,行道樹,敦化南路1段269、271號前行道樹,昇陽敦凰大廈管理委員會
14,園工隊,大安區,63000030,光復南路98號前植穴,行道樹,光復南路98號前植穴,逸仙名邸管理委員會
15,園工隊,大安區,63000030,仁愛路3段160號前及復興南路1段行道樹,行道樹,仁愛路3段160號前及復興南路1段行道樹,福華大飯店股份有限公司
16,園工隊,大安區,63000030,忠孝東路與復興南路行道樹,行道樹,忠孝東路與復興南路口(BR4),太平洋崇光百貨股份有限公司
17,園工隊,大安區,63000030,敦化南路2段行道樹,行道樹,敦化南路2段97、99、101號前,敦南摩天大廈管理委員會
18,園工隊,大安區,63000030,仁愛路3段53號前行道樹,行道樹,仁愛路3段53號前行道樹,帝寶管理委員會
19,園工隊,大安區,63000030,仁愛路3段30、32號前行道樹5株,行道樹,仁愛路3段30、32號前行道樹5株,杏林大樓公寓大廈管理委員會
20,園工隊,大安區,63000030,敦化南路2段230號前行道樹6株,行道樹,敦化南路2段230號前行道樹6株,英屬維京群島商太古國際汽車股份有限公司台灣分公司
21,園工隊,大安區,63000030,敦化南路1段單號側與市民大道4段口人行道上行道樹,行道樹,敦化南路1段單號側與市民大道4段口人行道上行道樹,富邦人壽保險股份有限公司
22,園工隊,大安區,63000030,敦化南路1段350號前行道樹,行道樹,敦化南路1段350號前行道樹,1邸管理委員會
23,園工隊,大安區,63000030,光復南路200號前行道樹,行道樹,光復南路200號前行道樹,臺北國聯大飯店
24,園工隊,大安區,63000030,復興南路2段273至291號間行道樹,行道樹,復興南路2段273至291號間行道樹,又嘉企管顧問有限公司
25,園工隊,大安區,63000030,安和路2段22至30號間行道樹,行道樹,安和路2段22至30號間行道樹,翠峰大廈管理委員會
26,園工隊,大安區,63000030, 金山南路2段和平東路1段口,行道樹, 金山南路2段和平東路1段口,和平大苑社區管理負責人
27,園工隊,大安區,63000030,建國南路2段39巷至69巷間人行道上行道樹,行道樹,建國南路2段39巷至69巷間人行道上行道樹,元利建設企業股份有限公司
28,園工隊,大安區,63000030,安和路1段18號前,行道樹,安和路1段18號前,施O郁                                                                             
29,園工隊,大安區,63000030,敦化南路1段327號前行道樹,行道樹,敦化南路1段327號前行道樹,敦南金星社區管理負責人
30,園工隊,大安區,63000030,辛亥路與汀洲路口,行道樹,辛亥路與汀洲路口,潤泰創新國際股份有限公司
31,園工隊,大安區,63000030,信義路4段96、98號前行道樹,行道樹,信義路4段96、98號前行道樹,敦南麗舍大廈管理委員會
32,園工隊,大安區,63000030,長興街81號前,行道樹,長興街81號前,國立臺灣大學生物技術研究中心
33,園工隊,大安區,63000030,仁愛路3段128號前行道樹,行道樹,仁愛路3段128號前行道樹,仁愛大樓(林O宏)
34,園工隊,大安區,63000030,敦化南路1段與市民大道口（西南側）行道樹,行道樹,敦化南路1段與市民大道口（西南側）行道樹,中國建築經理股份有限公司
35,園工隊,大安區,63000030,忠孝東路3段行道樹（臺北科技大學精勤樓新建大樓側）,行道樹,忠孝東路3段行道樹（臺北科技大學精勤樓新建大樓側）,國立臺北科技大學
36,園工隊,大安區,63000030,建國南路1段161號前,行道樹,建國南路1段161號前,現代BOSS公寓大廈管理委員會
37,園工隊,大安區,63000030,辛亥路1段68號前行道樹,行道樹,辛亥路1段68號前行道樹,吳OO月
38,園工隊,大安區,63000030,仁愛路4段337號前,行道樹,基隆路2段250號前,謙回住宅大樓管理委員會
39,園工隊,大安區,63000030,仁愛路4段337號前,行道樹,仁愛路4段337號前,百利大廈管理委員會
40,園工隊,大安區,63000030,建國南路2段3號前,行道樹,建國南路2段3號前,冰糖粉圓專賣店
41,園工隊,大安區,63000030,敦化南路2段120號斜對面,行道樹,敦化南路2段120號斜對面,江O霞
42,園工隊,大安區,63000030,敦化南路236巷1號前,綠地,大安398號綠地(大安150公園),陳O儂
43,園工隊,大安區,63000030,溫州街58巷內,綠地,大安195綠地,林O辰
44,園工隊,大安區,63000030,敦化南路1段東側綠帶(仁愛圓環-忠孝東路),綠帶,敦化南路1段東側綠帶(仁愛圓環-忠孝東路),寶吉祥有限公司
45,園工隊,大安區,63000030,敦化南路2段(和平東路-安和路171巷口),綠帶,敦化南路2段(和平東路-安和路171巷口),遠鼎股份有限公司
46,園工隊,大安區,63000030,敦化南路分隔島,綠帶,敦化南路（復興小學）前,台灣歐姆龍(股)公司
47,青年所,中正區,63000050,二二八和平公園,公園,公園內音樂台旁福德宮前方園路,二二八和平公園福德宮
48,園工隊,中正區,63000050,新生南路羅斯福口行道樹,行道樹,新生南路、羅斯福口地下人行道周邊,臺灣電力股份有限公司
49,園工隊,中正區,63000050,金山南路路1段71號行道樹,行道樹,金山南路1段71號前,金來旅館事業股份有限公司
50,園工隊,中正區,63000050,仁愛路1段50號段行道樹,行道樹,仁愛路1段50號段行道樹,交通部
51,園工隊,中正區,63000050,羅斯福路3段60號行道樹,行道樹,羅斯福路3段60號金融研訓院大樓門前,財團法人台灣金融研訓院
52,園工隊,中正區,63000050,忠孝東路1段行道樹,行道樹,忠孝東路1段12號,寒舍餐旅管理顧問股份有限公司
53,園工隊,中正區,63000050,忠孝東路2段26-28號前行道樹,行道樹,忠孝東路2段26-28號前,國庭大廈管理委員會
54,園工隊,中正區,63000050,和平西路1段61號前行道樹,行道樹,和平西路1段61號前行道樹,百達富麗大廈管理委員會
55,園工隊,中正區,63000050,忠孝東路2段與新生南路1段口人行道上行道樹,行道樹,忠孝東路2段與新生南路1段口人行道上行道樹,兆豐金融大樓管理負責人
56,園工隊,中正區,63000050,羅斯福路3段242號前行道樹,行道樹,羅斯福路3段242號前,台灣電力股份有限公司
57,園工隊,中正區,63000050,汀州路1段與莒光路交叉口公有人行道上行道樹,行道樹,汀州路1段與莒光路交叉口公有人行道上行道樹,千荷田大廈管理委員會 
58,園工隊,中正區,63000050,忠孝東路2段85號前行道樹,行道樹,忠孝東路2段85號前行道樹,皇翔建設股份有限公司
59,園工隊,中正區,63000050,信義路2段277號前,行道樹,信義路2段277號前,鼎泰豐小吃店股份有限公司
60,園工隊,中正區,63000050,羅斯福路3段136-138號前,行道樹,羅斯福路3段136-138號前,冠德羅斯福管理委員會
61,園工隊,中正區,63000050,愛國東路100號前,行道樹,愛國東路100號前,源?建設股份有限公司
62,園工隊,中正區,63000050,和平西路2段6號與三元街交叉口行道樹,行道樹,和平西路2段6號與三元街交叉口行道樹,財團法人臺灣肯納自閉症基金會
63,園工隊,中正區,63000050,仁愛路2段74號前,行道樹,仁愛路2段74號前,璞慧建設股份有限公司
64,園工隊,中正區,63000050,林森南路3巷,行道樹,林森南路3巷(忠孝路1段70-80巷間),忠泰建設股份有限公司
65,園工隊,中正區,63000050,博愛路與延平南路口,槽化島,博愛路與延平南路口,臺北市北門商圈發展協會
66,園工隊,中正區,63000050,羅斯福路一段綠帶,綠帶,中央銀行國庫局前(羅斯福路側),中央銀行
67,園工隊,中正區,63000050,中山南路常德街口人行地下道上方花台,花台,中山南路常德街口人行地下道上方花台(26㎡),國立台灣大學醫學院附設醫院
68,"園工隊
",萬華區,63000070,西園路2段行道樹,行道樹,西園路2段270號(4株),西園醫療社團法人西園醫院
69,"園工隊
",萬華區,63000070,西園路2段189號前,行道樹,西園路2段189號前,西園醫療社團法人西園醫院
70,"園工隊
",萬華區,63000070,青年路與水源路側,行道樹,青年路與水源路側,臺北市政府都市發展局
71,"園工隊
",萬華區,63000070,本市萬華區騰雲里行政區域內水源路、中華路2段等路段行道樹,行道樹,本市萬華區騰雲里行政區域內水源路、中華路2段等路段行道樹,臺北市萬華區國興水漾社區發展協會
72,"園工隊
",萬華區,63000070,本市萬華區西園路1段行道樹及植栽帶(龍山寺側),行道樹,本市萬華區西園路1段行道樹及植栽帶(龍山寺側),財團法人臺北市艋舺龍山寺
73,"園工隊
",萬華區,63000070,環河南路203號前,行道樹,環河南路203號前,巖清寺
74,"園工隊
",萬華區,63000070,萬華區長順街60巷18-42號對面,行道樹,萬華區長順街60巷18-42號對面,陳O儂
75,"園工隊
",萬華區,63000070,萬華七號廣場,廣場,萬華車站東側及西側,林O辰
76,"園工隊
",萬華區,63000070,萬華406號廣場部分,廣場,中華路捷運站出口至貴陽街口,臺北市萬華區新起社區發展協會
77,"園工隊
",萬華區,63000070,長順街62號旁綠帶,綠帶,長順街62號旁綠帶,臺北市萬華區華江社區發展協會
78,"園工隊
",萬華區,63000070,長順街口起至長順街127號前綠帶,綠帶,長順街口起至長順街127號前綠帶,臺北市萬華區華江社區發展協會
79,圓山所,松山區,63000010,松基公園,公園,興安街174巷內,中泰賓館股份有限公司
80,圓山所,松山區,63000010,舊宗1號公園,公園,撫遠街抽水站旁,新東里辦公處
81,園工隊,松山區,63000010,敦化北路行道樹,行道樹,敦化北路205號前(金融大樓)(20株),德產汽車貿易股份有限公司
82,園工隊,松山區,63000010,民生東路三段行道樹,行道樹,民生東路三段111號行道樹9株(5株),西華大飯店股份有限公司
83,園工隊,松山區,63000010,撫遠街364號前行道樹,行道樹,撫遠街364號前行道樹(4株),齋聖彥有限公司
84,園工隊,松山區,63000010,敦化南路1段66、68號前行道樹,行道樹,敦化南路1段66、68號前行道樹,元大證券股份有限公司
85,園工隊,松山區,63000010,復興北路233號行道樹,行道樹,復興北路233號行道樹,西華經典大廈管理委員會
86,園工隊,松山區,63000010,塔悠路317號前行道樹,行道樹,塔悠路317號前行道樹,吉悅管理顧問有限公司
87,園工隊,松山區,63000010,敦化北路150號至168號前行道樹,行道樹,敦化北路150號至168號前行道樹,中泰賓館股份有限公司
88,園工隊,松山區,63000010,塔悠路275∼289號前人行道上行道樹,行道樹,塔悠路275∼289號前人行道上行道樹,水人山社區管理委員會 
89,園工隊,松山區,63000010,富錦街353至355號間行道樹,行道樹,富錦街353至355號間行道樹,富錦樹有限公司
90,園工隊,松山區,63000010,民生東路5段94號前人行道上行道樹,行道樹,民生東路5段94號前人行道上行道樹,永順房屋仲介有限公司（原瑞德）
91,園工隊,松山區,63000010,"松山區三民路117號前行道樹
",行道樹,"松山區三民路117號前行道樹
",昇禾不動產仲介經紀有限公司
92,園工隊,松山區,63000010,松山區八德路4段（八德立體停車場）,行道樹,松山區八德路4段（八德立體停車場）,台北市停車管理處
93,園工隊,松山區,63000010,市民大道4段51號旁敦化段三小段585等10筆地號基地前人行道上行道樹,行道樹,市民大道4段51號旁敦化段三小段585等10筆地號基地前人行道上行道樹,潤泰創新國際股份有限公司
94,園工隊,松山區,63000010,松山區富錦街342號-646前行道樹,行道樹,松山區富錦街342號-646前行道樹,東榮里辦公處
95,園工隊,松山區,63000010,南京東路5段38號前,行道樹,南京東路5段38號前,精粹餐飲有限公司
96,園工隊,松山區,63000010,敦化北路258-262號前,行道樹,敦化北路258-262號前,臺灣中外製藥股份有限公司
97,園工隊,松山區,63000010,敦化北路（145巷-南京東路）,行道樹,敦化北路（145巷-南京東路）,中華開發金控總部管理負責人
98,園工隊,松山區,63000010,民生東路5段18號前,行道樹,民生東路5段18號前,林O辰
99,園工隊,松山區,63000010,民生東路5段27號前,行道樹,民生東路5段27號前,筑宏建設股份有限公司
100,園工隊,松山區,63000010,新中街10-1號,行道樹,新中街10-1號,廖O雄
101,園工隊,松山區,63000010,新中街41號,行道樹,新中街41號,松山區東榮里辦公處
102,園工隊,松山區,63000010,民權東路3段109號、123前,行道樹,民權東路3段109號、123前,薛O光
103,園工隊,松山區,63000010,民生東路5段119號前,行道樹,民生東路5段119號前,鄭O足
104,園工隊,松山區,63000010,八德路2段敦化國小圍牆邊(八德路451巷-敦化北路),行道樹,八德路2段敦化國小圍牆邊(八德路451巷-敦化北路),合作金庫商業銀行股份有限公司
105,園工隊,松山區,63000010,三民路與民權東路口(民權東路5段2號側),行道樹,三民路與民權東路口(民權東路5段2號側),張軒誠水景空間設計公司
106,園工隊,松山區,63000010,富錦街387號正前(菩提樹),行道樹,富錦街387號正前(菩提樹),繽紛室內設計有限公司
107,園工隊,松山區,63000010,富錦街368、387號前,行道樹,富錦街368、387號前,繽紛室內設計有限公司
108,園工隊,松山區,63000010,敦化南路1段77號前,行道樹,敦化南路1段77號前2處植穴及行道樹,敦南樞苑管理委員會
109,園工隊,松山區,63000010,敦化南路1段3號前,行道樹,敦化南路1段3號前,華固敦品大廈管理委員會
110,園工隊,松山區,63000010,敦化北路分隔島(民生東路-199巷口),綠帶,敦化北路分隔島(民生東路-199巷口),台塑建設事業股份有限公
111,園工隊,松山區,63000010,敦化北路158號前分隔島(168號-長春路),綠帶,敦化北路158號前分隔島(168號-長春路),中泰賓館股份有限公司
112,園工隊,松山區,63000010,長安東路2段229號前槽化島,槽化島,長安東路2段229號前槽化島,合作金庫證券股份有限公司
113,園工隊,松山區,63000010,三民路圓環,綠地,民生東路五段、三民路口,台灣威爾雷斯科技(股)公司
114,圓山所,中山區,63000040,劍潭公園,公園,休憩廣場區域，約 103 平方公尺,圓山大飯店
115,園工隊,中山區,63000040,民權東路行道樹,行道樹,民權東路及松江路側,財團法人台北行天宮
116,園工隊,中山區,63000040,中山北路2段37-1號行道樹,行道樹,中山北路2段37-1號(7株),老爺大酒店股份有限公司
117,園工隊,中山區,63000040,民權東路2段144號前行道樹,行道樹,民權東路2段144號前行道樹（6株及綠帶）,南山人壽保險股份有限公司
118,園工隊,中山區,63000040,民生東路2段168號前行道樹,行道樹,民生東路2段168號前行道樹,商棋股份有限公司
119,園工隊,中山區,63000040,長春路306∼310號前行道樹,行道樹,長春路306∼310號前行道樹,華爾道夫大廈管理委員會
120,園工隊,中山區,63000040,長春路292∼300號前行道樹,行道樹,長春路292∼300號前行道樹,華爾道夫第二期管理委員會
121,園工隊,中山區,63000040,林森北路357號前行道樹,行道樹,林森北路357號前行道樹,忠泰華漾社區管理委員會
122,園工隊,中山區,63000040,建國北路2段176至184號前行道樹,行道樹,建國北路2段176至184號前行道樹,東騰千里社區管理委員會
123,園工隊,中山區,63000040,長安東路1段63號行道樹,行道樹,長安東路1段63號行道樹,私立永芯康復之家
124,園工隊,中山區,63000040,龍江路(長安1小段280、281地號)前行道樹,行道樹,龍江路(長安1小段280、281地號)前行道樹,鈞藏管理委員會
125,園工隊,中山區,63000040,中山區松江路(100巷-108巷止),行道樹,中山區松江路(100巷-108巷止),元大人壽保險股份有限公司
126,園工隊,中山區,63000040,中山區松江路223號前行道樹,行道樹,中山區松江路223號前行道樹,佳佳廣場管理委員會
127,園工隊,中山區,63000040,中山北路1段93∼101號前行道樹,行道樹,中山北路1段93∼101號前行道樹,紀汎希公寓大廈管理委員會
128,園工隊,中山區,63000040,中山北路2段145號前行道樹,行道樹,中山北路2段145號前行道樹,玉山石社區管理委員會
129,園工隊,中山區,63000040,中山北路1段144號前行道樹,行道樹,"中山北路1段144號
前行道樹
",財團法人台北行天宮
130,園工隊,中山區,63000040,南京東路2段110號對面行道樹,行道樹,南京東路2段110號對面行道樹,財團法人臺北基督徒南京東路禮拜堂
131,園工隊,中山區,63000040,建國北路1段61-65號前行道樹,行道樹,建國北路1段61-65號前行道樹,品粹國際股份有限公司
132,園工隊,中山區,63000040,南京東路2段85號前行道樹,行道樹,南京東路2段85號前行道樹,合作金庫票券金融股份有限公司
133,園工隊,中山區,63000040,新生北路1段98號前,行道樹,新生北路1段98號前,杜O萱
134,園工隊,中山區,63000040,建國北路2段前與64巷口,行道樹,建國北路2段前與64巷口,宏盛建設股份有限公司
135,園工隊,中山區,63000040,中山北路1段與民權西路口,行道樹,中山北路1段與民權西路口,僑馥建築經理股份有限公司
136,園工隊,中山區,63000040,林森北路與中山北路2段93巷口,行道樹,林森北路與中山北路2段93巷口,忠泰建設股份有限公司
137,園工隊,中山區,63000040,明水路676∼678號號前行道樹,行道樹,明水路676∼678號號前行道樹,忠泰進行曲管理委員
138,園工隊,中山區,63000040,中山區北安路662號旁行道樹,行道樹,中山區北安路662號行道樹,長野米蘭社區管理委員會
139,園工隊,中山區,63000040,明水路698、700號前行道樹,行道樹,明水路698、700號前行道樹,凱基證券股份有限公司
140,園工隊,中山區,63000040,忠孝東路2段85號前,行道樹,忠孝東路2段85號前,皇翔建設股份有限公司
141,園工隊,中山區,63000040,林森北路524-528前,行道樹,林森北路524-528前,中山金澤管理委員會
142,園工隊,中山區,63000040,民權西路53-75號前行道樹,行道樹,民權西路53-75號前行道樹,國廷建設股份有限公司
143,園工隊,中山區,63000040,民權東路1段57號前行道樹,行道樹,民權東路1段57號前行道樹,中山Q1管理委員會
144,園工隊,中山區,63000040,南京東路1段9號前,行道樹,南京東路1段9號前,長鴻榮實業股份有限公司
145,園工隊,中山區,63000040,中山北路2段120號前行道樹,行道樹,中山北路2段120號前行道樹,遠雄富都管理委員會
146,園工隊,中山區,63000040,明水路(北安路458巷47弄與明水路口),行道樹,明水路(北安路458巷47弄與明水路口),聖德福建設開發股份有限公司
147,園工隊,中山區,63000040,北安路830號前,行道樹,北安路830號前,楊O芸
148,園工隊,中山區,63000040,中山區敬業二路195-199號及敬業一路,行道樹,中山區敬業二路與敬業一路口,英屬維京群島商虹光國際資產有限公司
149,園工隊,中山區,63000040,中山411號綠地,綠地,敬業三路20號旁,美麗華城市發展股份有限公司
150,園工隊,中山區,63000040,中山412號綠地,綠地,敬業三路100號,威力育樂有限公司
151,園工隊,中山區,63000040,中山420號綠地,綠地,中山區樂群二路,臺北時代廣場管理委員會
152,園工隊,中山區,63000040,中山423號綠地部分,綠地,樂群二路（敬業一路與敬業二路間）,良茂京都管理委員會
153,園工隊,中山區,63000040,中山413號綠地,綠地,敬業三路11號前,登峰旅館股份有限公司
154,園工隊,中山區,63000040,中山413號綠地,綠地,敬業三路9號前,吸引力生活事業股份有限公司
155,園工隊,中山區,63000040,中山381號綠地,綠地,北安路538巷旁,財團法人海峽交流基金會
156,園工隊,中山區,63000040,中山416號綠地,綠地,樂群二路（敬業一路與敬業二路間）,美福企業股份有限公司
157,園工隊,中山區,63000040,中山423、424號綠地部分,綠地,中山區樂群二路與敬業二路口,首泰開發股份有限公司
158,園工隊,中山區,63000040,中山414號綠地,綠地,臺北市中山區敬業三路123號前,吸引力生活事業股份有限公司
159,園工隊,中山區,63000040,中山412號綠地,綠地,敬業三路與樂群三路口,忠泰建設股份有限公司
160,園工隊,中山區,63000040,中山四號廣場,廣場,中山北路二段39巷3號旁,晶華國際酒店股份有限公司
161,園工隊,中山區,63000040,民權東路2段41前兩座花台,花台,民權東路2段41前兩座花台,臺北市亞都麗緻大飯店
162,園工隊,中山區,63000040,堤頂大道綠帶,綠帶,堤頂大道2段(港墘路對面交通號誌至水門口的階梯),光寶科技股份有限公司　
163,"園工隊
",大同區 ,63000060,承德路3段行道樹,行道樹,承德路3段49號,三德觀光大飯店(股)公司
164,"園工隊
",大同區 ,63000060,承德路1段行道樹,行道樹,承德路1段17、70∼80號前,財團法人旺台環境文化基金會
165,"園工隊
",大同區 ,63000060,臺北車站特定專用區交九用地週邊承德路1段及市民大道1段人行道上行道樹,行道樹,臺北車站特定專用區交九用地週邊承德路1段及市民大道1段人行道上行道樹,京站大樓管理負責人
166,"園工隊
",大同區 ,63000060,承德路1段2號前行道樹,行道樹,承德路1段2號前行道樹,皇翔建設股份有限公司
167,"園工隊
",大同區 ,63000060,重慶北路3段63號前,行道樹,重慶北路3段63號前,國庭一品大廈管理委員會
168,"園工隊
",大同區 ,63000060,延平北路3段3號前,行道樹,延平北路3段3號前,水晶大廈管理委員會
169,"園工隊
",大同區 ,63000060,承德路1段東側(承德路19巷-長安西路),行道樹,承德路1段東側(承德路19巷-長安西路),富享建設股份有限公司
170,"園工隊
",大同區 ,63000060,大同區251號綠地,綠地,敦煌路179∼183號間,邱O源
171,"園工隊
",大同區 ,63000060,大同區永樂(二)廣場,廣場,迪化街1段21號(1200㎡),臺北市永樂市場自治會
172,"園工隊
",大同區 ,63000060,太原廣場,廣場,鄭州路與太原路左右兩側,建明里辦公處
173,"園工隊
",大同區 ,63000060,哈密街59巷側六藝廣場,廣場,哈密街59巷側六藝廣場,大同區保安里辦公處
174,南港所,信義區,63000020,象山公園(櫻花),公園,信義路五段150巷側,林O立
175,南港所,信義區,63000020,象山公園(樹蛙),公園,信義路五段150巷信義計畫區內,三犁社區發展協會
176,南港所,信義區,63000020,象山公園(綠地),公園,信義路五段151巷信義計畫區內,財團法人台北市錫?環境綠化基金會
177,南港所,信義區,63000020,象山公園(綠地),公園,信義路五段151巷信義計畫區內,財團法人台北市錫?環境綠化基金會
178,南港所,信義區,63000020,松壽廣場,廣場,松智路，市府東門對面,碩河開發股份有限公司
179,南港所,信義區,63000020,信義廣場,廣場,信義路與松智路交叉口,南山人壽保險股份有限公司
180,南港所,信義區,63000020,富台公園,公園,松信路及虎林街120巷交叉口,國美建設股份有限公司
181,"園工隊
",信義區,63000020,信義351號公園部分,公園,松高路與松智路交叉口A2南側,統一國際大樓管理委員會
182,"園工隊
",信義區,63000020,信義351號公園部分,公園,松高路A4南側,新光三越百貨(股)公司臺北信義分公司四館
183,"園工隊
",信義區,63000020,信義351號公園部分,公園,松高路與松仁路交叉口,震怡股份有限公司
184,"園工隊
",信義區,63000020,信義352號松智公園部分,公園,松智路A6西側,華新麗華股份有限公司
185,"園工隊
",信義區,63000020,信義351號公園部分,公園,松高路基隆路口A1南側,遠雄金融中心管理負責人
186,"園工隊
",信義區,63000020,信義352號松智公園部分,公園,松壽路與松智路口A14西側,吸引力生活事業股份有限公司
187,"園工隊
",信義區,63000020,信義352號松智公園部分,公園,松智路（松壽路-松壽廣場）,碩河開發股份有限公司
188,"園工隊
",信義區,63000020,信義352號松智公園部分,公園,松智路A7西側,南山人壽保險股份有限公司
189,"園工隊
",信義區,63000020,信義350號公園部分,公園,松高路段近市府路與基隆路口共3處,富邦人壽保險股份有限公司
190,"園工隊
",信義區,63000020,信義353號綠地部分,綠地,信義路5段及松仁路口D5北側(信義經貿大樓前),霖園公寓大廈管理維護股份有限公司
191,"園工隊
",信義區,63000020,信義354號綠地部分,綠地,松仁路7、9號前,國泰金融中心管理處
192,"園工隊
",信義區,63000020,信義355號綠地,綠地,信義路、松仁路口,新光人壽保險股份有限公司
193,"園工隊
",信義區,63000020,信義354號綠地部分,綠地,松仁路105號B5前,金永基股份有限公司
194,"園工隊
",信義區,63000020,信義355號綠地部分,綠地,松仁路153號前,信義圓鼎管理委員會
195,"園工隊
",信義區,63000020,信義354號綠地部分,綠地,松仁路97∼101號前B4西側,群益金融大樓管理委員會
196,"園工隊
",信義區,63000020,信義353號綠地部分,綠地,信義路5段100號前,信義房屋仲介股份有限公司
197,"園工隊
",信義區,63000020,信義356號綠地部分,綠地,信義路5段松勇路交叉口,中國建築經理股份有限公司
198,"園工隊
",信義區,63000020,松仁綠地,綠地,信義路5段20號旁,元利建設企業股份有限公司
199,"園工隊
",信義區,63000020,松仁綠地及松勤街,綠地,松仁路136、138號前綠地,寶豐隆地產股份有限公司 
200,"園工隊
",信義區,63000020,信義21號廣場及市府路東側行道樹,廣場,市府路旁,台北金融大樓股份有限公司
201,"園工隊
",信義區,63000020,信義22號廣場,廣場,臺北南山廣場北側,南山人壽保險股份有限公司
202,"園工隊
",信義區,63000020,"信義區信義路5段109、111號前綠帶
",綠帶,"信義區信義路5段109、111號前綠帶
",財團法人現代企業經營學術基金會
203,"園工隊
",信義區,63000020,松高路(松勇路-忠孝東路5段236巷間)人行道綠帶,綠帶,松高路(松勇路-忠孝東路5段236巷間)人行道綠帶,富邦人壽保險股份有限公司
204,"園工隊
",信義區,63000020,"信義區忠孝東路4段515號前
",綠帶,"信義區忠孝東路4段515號前
",遠雄大巨蛋事業股份有限公司
205,"園工隊
",信義區,63000020,"信義區松山路132 號前綠帶
",綠帶,"信義區松山路132 號前綠帶
",唐城松山大樓管理委員會
206,"園工隊
",信義區,63000020,松壽路行道樹,行道樹,松壽路11號西側及北側(40株),新光三越百貨(股)公司信義分公司
207,"園工隊
",信義區,63000020,臺北南山廣場周邊(松廉路北側及松仁路西側),行道樹,臺北南山廣場周邊(松廉路北側及松仁路西側),南山人壽保險股份有限公司
208,"園工隊
",信義區,63000020,"松勇路31-39號前
松仁路95巷側",行道樹,"松勇路31-39號前
松仁路95巷側",Taipeigarden社區管理委員會
209,"園工隊
",信義區,63000020,臺北南山廣場北側15米人行步道樹木,行道樹,臺北南山廣場北側15米人行步道樹木,南山人壽保險股份有限公司
210,"園工隊
",信義區,63000020,永吉路行道樹,行道樹,永吉路16號前,中國信託商業銀行
211,"園工隊
",信義區,63000020,信義5段8號前行道樹,行道樹,信義路5段8號前,新光人壽保險（股)公司
212,"園工隊
",信義區,63000020,松智路14-28號行道樹,行道樹,松智路14-28號前行道樹,信義之星社區管理委員會
213,"園工隊
",信義區,63000020,菸廠路88號前行道樹,行道樹,菸廠路88號前行道樹,臺北文創開發股份有限公司
214,"園工隊
",信義區,63000020,信義路5段91巷信義3小段44-2地號前人行道上行道樹,行道樹,信義路5段91巷信義3小段44-2地號前人行道上行道樹,冠德建設股份有限公司
215,"園工隊
",信義區,63000020,信義區忠孝東路4段555號前,行道樹,信義區忠孝東路4段555號前,聯合大於社區管理委員會
216,"園工隊
",信義區,63000020,信義區忠孝東路4段561號前,行道樹,信義區忠孝東路4段561號前,聯合大哲社區管理委員會
217,"園工隊
",信義區,63000020,松高路、松勇路前行道樹,行道樹,松高路、松勇路前行道樹,中華工程股份有限公司
218,"園工隊
",信義區,63000020,忠孝東路5段370號前,行道樹,忠孝東路5段370號前,帝國廣場大廈管理委員會
219,"園工隊
",信義區,63000020,忠孝東路5段297號前,行道樹,忠孝東路5段297號前,吸引力餐坊股份有限公司
220,"園工隊
",信義區,63000020,大道路108-110號前,行道樹,大道路108-110號前,臺北市政府都市發展局
221,"園工隊
",信義區,63000020,臺北市松勤街105前行道樹,行道樹,臺北市松勤街105前行道樹,御之苑管理委員會
222,"園工隊
",信義區,63000020,信義路5段20號前,行道樹,信義路5段20號前,五益營造股份有限公司
223,"園工隊
",信義區,63000020,松勇路69巷與松勇路口,行道樹,松勇路69巷與松勇路口,寶徠建設股份有限公司
224,南港所,文山區,63000080,木柵公園萃湖上下池,公園,木柵公園萃湖上下池,臺北市文山社區大學
225,南港所,文山區,63000080,木柵公園,公園,木柵公園(除萃湖上下池),永健生態教育學院
226,"園工隊
",文山區,63000080,羅斯福路6段279至295號間行道樹,行道樹,羅斯福路6段279至295號間行道樹,羅斯福大廈管理委員會
227,"園工隊
",文山區,63000080,"景隆街與羅斯福路口黃金葉金露華
",行道樹,"景隆街與羅斯福路口黃金葉金露華
",吳O男
228,"園工隊
",文山區,63000080,"羅斯福路6段70號前
",行道樹,"羅斯福路6段70號前
",玫如台大四季公寓大廈管理委員會
229,"園工隊
",文山區,63000080,木柵路1段323號旁,行道樹,木柵路1段323號旁,元利建設企業股份有限公司
230,"園工隊
",文山區,63000080,辛亥路5段79號,行道樹,辛亥路5段79號,孫O鈞
231,"園工隊
",文山區,63000080,文山54號指南綠地部分,綠地,指南路3段32巷指南溪左岸,水事紀社區管理委員會
232,"園工隊
",文山區,63000080,溪州街綠帶,綠帶,溪州街43號前水源快速道路下,台北市文山區萬和社區發展協會
233,南港所,南港區,63000090,三重世貿公園,公園,臺北市南港區經貿二路106巷旁,中國信託商業限行股份有限公司
234,南港所,南港區,63000090,四分河濱公園,公園,臺北市南港區研究院路二段2號,臺北市南港區中研里辦公處 
235,園工隊,南港區,63000090,內湖區四分溪左岸,行道樹,內湖區四分溪左岸(南深橋至勤力橋段)(47株),好厝邊社區發展協會
236,園工隊,南港區,63000090,三重路23號前行道樹,行道樹,三重路23號前行道樹,臺北馥華商旅南港館
237,園工隊,南港區,63000090,松河街328號對面行道樹,行道樹,松河街328號對面行道樹,龍甲汽車有限公司
238,園工隊,南港區,63000090,南港區經貿二路185巷（70、70-1地號）,行道樹,南港區經貿二路185巷（70、70-1地號）,忠泰建設股份有限公司(售服科)
239,園工隊,南港區,63000090,成福路178巷及310巷,行道樹,成福路178巷及310巷,大師開發股份有限公司
240,園工隊,南港區,63000090,南港區重陽路449-463號間,行道樹,南港區重陽路449-463號間,世界心大管理委員會
241,園工隊,南港區,63000090,重陽路479號前,行道樹,重陽路479號前,誠意開發股份有限公司
242,園工隊,南港區,63000090,重陽路263巷2號側行道樹,行道樹,重陽路263巷2號側行道樹,康潔搬家公司
243,園工隊,南港區,63000090,忠孝東路6段82-108號前,行道樹,忠孝東路6段82-108號前,忠孝無極公寓大廈管理委員會
244,園工隊,南港區,63000090,港東街(經貿一路75巷-南港路),行道樹,港東街(經貿一路75巷-南港路),達欣開發股份有限公司
245,園工隊,南港區,63000090,經貿一路臨經貿二路105巷,行道樹,經貿一路臨經貿二路105巷,台灣肥料股份有限公司
246,園工隊,南港區,63000090,三重路及經貿二路口大樓周邊行道樹,行道樹,三重路及經貿二路口大樓周邊行道樹,新光人壽保險股份有限公司
247,園工隊,南港區,63000090,新陽綠地,綠地,重陽路-興南路(新陽綠地),國泰建設股份有限公司
248,園工隊,南港區,63000090,南港區東明綠地（南港路2段38巷?-南港路2段60巷）,綠地,南港區東明綠地（南港路2段38巷?-南港路2段60巷）,力麒村上爵士社區管理委員會
249,園工隊,南港區,63000090,東明綠地,綠地,南港路2段38巷39號側,南港區東明里辦公處
250,園工隊,南港區,63000090,向陽綠地,綠地,成功路1段76號對面,世平興業股份有限公司
251,園工隊,南港區,63000090,三重綠地,綠地,三重路與經貿路2段62巷口,世?建設股份有限公司
252,園工隊,南港區,63000090,久如綠地,綠地,久如綠地,臺北市南港區久如社區發展協會
253,園工隊,南港區,63000090,市民大道8段526前綠帶,綠帶,市民大道8段526前綠帶,鳳之聲花藝設計公司
254,園工隊,南港區,63000090,市民大道7段南側槽化島(玉成街-東新街),綠帶,市民大道7段南側槽化島(玉成街-東新街),潘O禮
255,花卉中心,內湖區,63000100,洲子1號公園,公園,臺北市內湖區基湖路32號旁,鴻海精密工業股份有限公司
256,花卉中心,內湖區,63000100,大湖公園,公園,臺北市內湖區成功路五段31號,北都汽車股份有限公司
257,花卉中心,內湖區,63000100,大港墘公園,公園,臺北市內湖區港墘里瑞光路393號,星展(台灣)商業銀行股份有限公司
258,花卉中心,內湖區,63000100,瑞光公園,大型公園,臺北市內湖區瑞光路132巷旁,研華股份有限公司
259,園工隊,內湖區,63000100,瑞光路455、457號前行道樹,行道樹,瑞光路455、457號前行道樹,八大電視股份有限公司
260,園工隊,內湖區,63000100,新富街57-59號前行道樹,行道樹,新富街57-59號前行道樹,遠雄新都四季妍管理委員會
261,園工隊,內湖區,63000100,內湖區瑞光路與瑞光路66巷口前公有人行道上行道樹,行道樹,內湖區瑞光路與瑞光路66巷口前公有人行道上行道樹,合眾建築經理股份有限公司
262,園工隊,內湖區,63000100,舊宗路1段(內湖舊宗郵局旁),行道樹,舊宗路1段(內湖舊宗郵局旁),臺北市政府都市發展局
263,園工隊,內湖區,63000100,南京東路6段487-497號前行道樹,行道樹,南京東路6段487-497號前行道樹,台灣番薯傳播事業股份有限公司
264,園工隊,內湖區,63000100,行善路333巷6號前,行道樹,行善路333巷6號前,奧斯卡談美管理委員會
265,園工隊,內湖區,63000100,瑞光路388號前,行道樹,瑞光路388號前,和聚開發股份有限公司
266,園工隊,內湖區,63000100,瑞光路200號前,行道樹,瑞光路200號前,聯發科技股份有限公司
267,園工隊,內湖區,63000100,新湖一路(行善路48巷口),行道樹,新湖一路(行善路48巷口),嘉鎷興業股份有限公司
268,園工隊,內湖區,63000100,行善路與行善路383巷口,行道樹,行善路與行善路383巷口,長虹建設股份有限公司
269,園工隊,內湖區,63000100,行善路456號前,行道樹,行善路456號前,信園企業股份有限公司
270,園工隊,內湖區,63000100,內湖110號綠地,綠地,內湖區瑞光路76巷30號前,輔信科技股份有限公司
271,園工隊,內湖區,63000100,金龍路圓環,圓環,金龍路與內湖路三段交叉處,昇陽生活花園社區管理委員會
272,陽明所,士林區,63000110,前港公園,公園,士林後港8街32號,英業達股份有限公司
273,陽明所,士林區,63000110,芝山公園,公園,百二崁上方左側廣場,中華石泉師太極協會
274,陽明所,士林區,63000110,芝山公園,公園,芝山岩仙泉聖蹟,芝山岩惠濟宮管理委員會
275,陽明所,士林區,63000110,芝山公園,公園,西隘門旁,芝山岩惠濟宮管理委員會
276,陽明所,士林區,63000110,天和公園,公園,天和公園1處,宸實建設股份有限公司
277,陽明所,士林區,63000110,芝山公園,公園,芝山公園福德祠,葉O仁
278,陽明所,士林區,63000110,前港公園,公園,前港街64號對面,社團法人台灣原生植物保育協會
279,園藝所,士林區,63000110,志成公園,公園,雨農路至志成街區域(部份),臺北市北區獅子會
280,園藝所,士林區,63000110,福林公園,公園,臺北市士林區中山北路與福林路交叉口,天仁茶葉(股)公司陽明分公司
281,園藝所,士林區,63000110,雙溪公園,公園,臺北市士林區福林路至善路口東南側,福林里辦公處
282,園藝所,士林區,63000110,至善公園,公園,臺北市士林區福林路至善路口東北側,福林里辦公處
283,園藝所,士林區,63000110,福志公園,公園,臺北市士林區忠勇街40巷20弄底,福志里辦公處
284,園藝所,士林區,63000110,44號翠山公園,公園,臺北市士林區中社路2段與翠山街交叉口(部份),翠山里辦公處
285,園藝所,士林區,63000110,41號公園,公園,臺北市士林區中社路2段66號雙溪國小對面,翠山里辦公處
286,園藝所,士林區,63000110,原住民公園,公園,臺北市士林區至善路2段221號,順益台灣原住民博物館
287,園藝所,士林區,63000110,16號公園,公園,臺北市士林區故宮路34巷內(中影文化城),臨溪里辦公處
288,園藝所,士林區,63000110,衛理兒童遊樂場,廣場,衛理女中宿舍邊(原為衛理公園)全區域,臨溪里里長
289,園藝所,士林區,63000110,9號至臨綠地,綠地,臺北市士林區臺北市士林區至善路2段290號全區域,臨溪里里長
290,園藝所,士林區,63000110,士林官邸公園,公園,臺北市士林區福林路60號(部份),福林里辦公處
291,園藝所,士林區,63000110,中山北路五段水圳人行道及士林官邸水圳邊綠籬,公園,中山北路5段(470巷口至福林路口)全區域,普立斯國際開發股份有限公司  
292,花卉中心,士林區,63000110,前山公園(三),公園,臺北市士林區前山公園(三)介壽園,賴O貴
293,花卉中心,士林區,63000110,住六公二公園,公園,臺北市士林區新安段六小段0153地號,臺北市北區獅子會
294,花卉中心,士林區,63000110,綠地,綠地,臺北市士林區華岡段2小段686地號,旭泰新股份有限公司
295,花卉中心,士林區,63000110,綠地,綠地,臺北市士林區華岡段4小段71、72、76地號,林O和
296,花卉中心,士林區,63000110,綠地,綠地,臺北市士林區華岡段4小段50地號,啟正有限公司(周招霖)
297,花卉中心,士林區,63000110,住六公一公園,公園,臺北市士林區新安段六小段0264地號,臺北市北區獅子會
298,花卉中心,士林區,63000110,綠地,綠地,臺北市士林區華岡段四小段59地號,臺灣慈林生態文化復育協會
299,園工隊,士林區,63000110,中山北路6段行道樹,行道樹,中山北路六段75、88、90號前,士林電機廠股份有限公司
300,園工隊,士林區,63000110,中山北路5段743號前行道樹,行道樹,中山北路5段743號前行道樹,大喬木景觀工程有限公司
301,園工隊,士林區,63000110,重慶北路4段108號前,行道樹,重慶北路4段108號前,日健建設股份有限公司
302,園工隊,士林區,63000110,重慶北路4段220巷旁人行道上行道樹,行道樹,重慶北路4段220巷旁人行道上行道樹,吉美悅河管理委員會
303,園工隊,士林區,63000110,基河路382號前人行道上行道樹,行道樹,基河路382號前人行道上行道樹,鄉林陽明社區管理委員會
304,園工隊,士林區,63000110,劍潭國小東側及北側圍牆外行道樹,行道樹,劍潭國小東側及北側圍牆外行道樹,臺北市士林區明勝里辦公處
305,園工隊,士林區,63000110,中山北路5段716號前行道樹,行道樹,中山北路5段716號前行道樹,家居建設股份有限公司
306,園工隊,士林區,63000110,重慶北路4段186號前,行道樹,重慶北路4段186號前,綠花園景觀有限公司-劉慶昌
307,園工隊,士林區,63000110,重慶北路4段187號前,行道樹,重慶北路4段187號前,廖O雄
308,園工隊,士林區,63000110,中山北路5段92號前,行道樹,中山北路5段92號前,張O通
309,園工隊,士林區,63000110,承德路4段林266巷口,行道樹,承德路4段林266巷口,新光人壽保險股份有限公司
310,園工隊,士林區,63000110,至善路2段250號前行道樹,行道樹,至善路2段250號前行道樹,台灣國際創價學會
311,園工隊,士林區,63000110,天母東路92號前行道樹,行道樹,天母東路92號前行道樹,臺北市私立十大幼兒園
312,園工隊,士林區,63000110,中山北路5段88號前,行道樹,中山北路5段88號前,張O明
313,園工隊,士林區,63000110,基河路與士商路口,行道樹,基河路與士商路口,春風開發股份有限公司
314,園工隊,士林區,63000110,中山北路5段735-755號前,行道樹,中山北路5段735-755號前,紘石建設股份有限公司
315,園工隊,士林區,63000110,基河路302號前及300巷1號前,行道樹,基河路302號前及300巷1號前,臺億建築經理股份有公
316,園工隊,士林區,63000110,至誠路2段19號前,行道樹,至誠路2段19號前,劉O德
317,園工隊,士林區,63000110,中山北路5段555號前,行道樹,中山北路5段555號前,長虹虹頂社區管理委委員會
318,園工隊,士林區,63000110,士林143號東吳綠地,綠地,士林區臨溪路旁,私立東吳大學
319,園工隊,士林區,63000110,基隆河加蓋綠地,綠地,後港街口至劍潭路88號前,臺北市士林區承德社區發展協會
320,園工隊,士林區,63000110,士林73號天美綠地,綠地,天母北路72巷2號前,吳O珠
321,園工隊,士林區,63000110,士林179號綠地,綠地,雨聲街90號,芝山巖聖佑宮管理委員會
322,園工隊,士林區,63000110,士林73號部分綠地,綠地,天母北路62至64號間,富安天母住宅大樓管理委員會
323,園工隊,士林區,63000110,士林208號綠地,綠地,福林路(泰北高中前),臺北市私立泰北高級中學
324,園工隊,士林區,63000110,士林120號綠地部分,綠地,中正路基河路口,臺北市士林區福德里辦公處
325,園工隊,士林區,63000110,永倫綠地,綠地,倫等街雨42巷口,正安扣具股份有限公司
326,園工隊,士林區,63000110,承德路4段4號前基隆河堤防邊綠帶,綠帶,承德路4段4號前基隆河堤防邊綠帶,陳O來
327,園工隊,士林區,63000110,"士林區承德路4段1巷1號至29號前
士林區承德路2巷1號-6巷93號前基隆河堤防邊綠帶",綠帶,"士林區承德路4段1巷1號至29號前
士林區承德路2巷1號-6巷93號前基隆河堤防邊綠帶",臺北市士林區明聖里辦公處
328,園工隊,士林區,63000110,中山北路5段505 巷旁綠帶,綠帶,中山北路5段505 巷旁綠帶,臺北市士林區福林里辦公處
329,園工隊,士林區,63000110,承德路4段40巷與劍潭路口花台,花台,承德路4段40巷與劍潭路口花台,康福社區發展協會
330,園工隊,士林區,63000110,福華公園西北側花台1處,花台,福華公園西北側花台1處,康福社區發展協會
331,園工隊,士林區,63000110,士林3號廣場,廣場,中山北路6段77號旁,"太平洋崇光百貨股份有限公司(天母分公司)
士林電機廠股份有限公司"
332,陽明所,北投區,63000120,七虎公園,公園,北投區育仁路,台北私立薇閣小學
333,陽明所,北投區,63000120,振興公園,公園,天母西路北側及振興街45號,財團法人振興復建醫學中心
334,陽明所,北投區,63000120,榮華公園,公園,榮華公園花台1處,水調歌管理委員會
335,陽明所,北投區,63000120,榮華公園,公園,北投區明德路150巷旁,福佑宮管理委員會
336,陽明所,北投區,63000120,奇岩2號公園,公園,北投區三合街二段與磺港路交叉口,台北市北投區奇岩社區發展協會
337,陽明所,北投區,63000120,開明公園,公園,開明公園1處,左O芳
338,陽明所,北投區,63000120,豐年公園,公園,大業路與中央北路二段交叉口,周OO珠
339,陽明所,北投區,63000120,公館公園,公園,北投區公館路,雲來寺
340,陽明所,北投區,63000120,北投93號綠地（櫻花崗）,綠地,石牌路二段368號∼370巷〈永和橋旁入口〉                                   ,天母大使華廈管理委員會
341,陽明所,北投區,63000120,北投172號天溪綠地,綠地,石牌行義路186巷沿磺溪旁(臨大自然世界社區部分區域),大自然世界社區管理委員會
342,陽明所,北投區,63000120,長安公園,綠地,北投區育仁路109號對面（薇閣國小旁）,陳O生
343,陽明所,北投區,63000120,清江二公園,綠地,北投區崇仁路一段152號旁,王O閱
344,陽明所,北投區,63000120,致遠公園,綠地,致遠一路二段（自強市場旁）,蘇O鈴
345,陽明所,北投區,63000120,溫泉綠地,綠地,北投區溫泉路141號旁,富永營造股份有限公司
346,花卉中心,北投區,63000120,陽明公園,公園,臺北市北投區陽明公園第二停車場水濂洞區,臺北市北區獅子會
347,花卉中心,北投區,63000120,綠地,綠地,臺北市北投區湖山段2小段200地號,湖山社區發展協會
348,花卉中心,北投區,63000120,陽明公園內綠地,綠地,臺北市北投區湖山段3小段39、40地號,鮑O玲
349,花卉中心,北投區,63000120,陽明公園40砲陣地,公園,臺北市北投區湖山段1小段514、515地號,湖山社區發展協會
350,花卉中心,北投區,63000120,綠地,綠地,臺北市北投區湖山段1小段543地號,陽明山國家公園管理處
351,花卉中心,北投區,63000120,陽明公園花鐘設施,公園,臺北市北投區湖山段1小段67地號,臺北市西北獅子會
352,園工隊,北投區,63000120,文林北路及承德路行道樹,行道樹,北投區文林北路及承德路7段雙號側,臺北市北投區福興里辦公處
353,園工隊,北投區,63000120,自強街141巷底兩側人行道上行道樹,行道樹,自強街141巷底兩側人行道上行道樹,臺北市北投區榮光里辦公處
354,園工隊,北投區,63000120,文承路22號前,行道樹,文承路22號前,中華建築經理股份有限公司
355,園工隊,北投區,63000120,承德路6段331巷對面新闢道路,行道樹,承德路6段331巷對面新闢道路,新潤建設股份有限公司
356,園工隊,北投區,63000120,福善路16號前,行道樹,福善路16號前,興利開發股份有限公司
357,園工隊,北投區,63000120,北投124號綠地,綠地,承德路6段359號前,納叡股份有限公司
358,園工隊,北投區,63000120,北投39號綠地,綠地,北投區聖景路,十五望族管理委員會
359,園工隊,北投區,63000120,北投173號永和綠地,綠地,北投區行義路93號旁,臺北市北投區永和里辦公處
360,園工隊,北投區,63000120,北投168號綠地部分,綠地,大業路20號前,英屬維京群島商太古國際汽車股份有限公司台灣分公司
361,園工隊,北投區,63000120,北投167號綠地部分,綠地,大業路258號前,全勝汽車股份有限公司
362,園工隊,北投區,63000120,北投167號綠地,綠地,臺北市北投區大業路260號前,群通興業股份有限公司
363,園工隊,北投區,63000120,北投123號綠地,綠地,北投區承德路7段393號,郭O榮
364,園工隊,北投區,63000120,北投121號綠地部分,綠地,承德路7段380號前,溫拿旅館
365,園工隊,北投區,63000120,北投124號綠地部分,綠地,承德路7段223-2號前,老王園藝有限公司
366,園工隊,北投區,63000120,北投88號綠地保留地,綠地,北投區義理街63巷4弄與立農街2段202巷3弄交叉口,臺北市北投區永明里辦公處
367,園工隊,北投區,63000120,北投121號綠地,綠地,北投區承德路7段（實踐街∼吉利街）綠地,臺北市北投區立賢里辦公處
368,園工隊,北投區,63000120,北投121號綠地,綠地,承德路7段222-236號前綠地,依戀愛旅股份有限公司
369,園工隊,北投區,63000120,北投124號綠地部分,綠地,承德路7段1號前,皇廷煨湯餐廳(方若涵)
370,園工隊,北投區,63000120,北投124號綠地部分,綠地,北投區承德路6段(八仙段1小段309地號及文林段2小段223地號),川勝資產顧問有限公司
371,園工隊,北投區,63000120,北投160號綠地,綠地,大業路535號前,臺北市北投區硫磺谷社區發展協會
372,園工隊,北投區,63000120,田心仔綠地部分,綠地,大業路525巷6弄,臺北市北投區硫磺谷社區發展協會
373,園工隊,北投區,63000120,北投163號綠地部分大業綠地,綠地,大業路517巷內,臺北市北投區硫磺谷社區發展協會
374,園工隊,北投區,63000120,北投182號綠地,綠地,大度路3段151號綠地,好而美家具實業有限公司
375,園工隊,北投區,63000120,北投121號綠地部分,綠地,北投區承德路7段164巷至168巷間北投121號綠地部分,恆合建設股份有限公司
376,園工隊,北投區,63000120,北投168號綠地,綠地,大業路(大業路300巷及大興路24巷之間）,三寶建設股份有限公司
377,園工隊,北投區,63000120,北投188號綠地（大度路3段159號前）,綠地,大度路3段159號前）,永弘汽車保養廠
378,園工隊,北投區,63000120,北投62號綠地(磺港路138號對面),綠地,北投62號綠地(磺港路138號對面),東煒建設股份有限公司
379,園工隊,北投區,63000120,北投區承德3號綠地,綠地,北投區承德3號綠地,華固建設股份有限公司
380,園工隊,北投區,63000120,承德4號綠地,綠地,承德路6段80號前(),欣凱汽車股份有限公司
381,園工隊,北投區,63000120,承德3號綠地,綠地,承德路6段120號前,創富中心大樓管理委員會
382,園工隊,北投區,63000120,北投166號綠地,綠地,大業路394號前,萬企建設股份有限公司
383,園工隊,北投區,63000120,北投122號綠地,綠地,承德路7段與168巷口,恆合建設股份有限公司
384,園工隊,北投區,63000120,石牌路2段三角槽化島,槽化島,石牌路2段99巷5號對面三角槽化島,臺北市北投區永明社區發展協會
385,園工隊,北投區,63000120,自強街141巷1至27號人行道上行道樹及141巷2號前槽化島、自強街139號前槽化島綠地,行道樹,自強街141巷1至27號人行道上行道樹及141巷2號前槽化島、自強街139號前槽化島綠地,臺北市北投區榮光社區發展協會
